USA,205,Alabama
USA,251,Alabama
USA,256,Alabama
USA,334,Alabama
USA,938,Alabama
USA,406,Montana
USA,907,Alaska
USA,252,North Carolina
USA,336,North Carolina
USA,704,North Carolina
USA,828,North Carolina
USA,910,North Carolina
USA,919,North Carolina
USA,980,North Carolina
USA,984,North Carolina
USA,480,Arizona
USA,520,Arizona
USA,602,Arizona
USA,623,Arizona
USA,928,Arizona
USA,701,North Dakota
USA,479,Arkansas
USA,501,Arkansas
USA,870,Arkansas
USA,308,Nebraska
USA,402,Nebraska
USA,531,Nebraska
USA,209,California
USA,213,California
USA,310,California
USA,323,California
USA,408,California
USA,415,California
USA,424,California
USA,442,California
USA,510,California
USA,530,California
USA,559,California
USA,562,California
USA,619,California
USA,626,California
USA,628,California
USA,650,California
USA,657,California
USA,661,California
USA,669,California
USA,707,California
USA,714,California
USA,760,California
USA,805,California
USA,818,California
USA,831,California
USA,858,California
USA,909,California
USA,916,California
USA,925,California
USA,949,California
USA,951,California
USA,603,New Hampshire
USA,303,Colorado
USA,719,Colorado
USA,720,Colorado
USA,970,Colorado
USA,201,New Jersey
USA,551,New Jersey
USA,609,New Jersey
USA,732,New Jersey
USA,848,New Jersey
USA,856,New Jersey
USA,862,New Jersey
USA,908,New Jersey
USA,973,New Jersey
USA,203,Connecticut
USA,475,Connecticut
USA,860,Connecticut
USA,959,Connecticut
USA,505,New Mexico
USA,575,New Mexico
USA,302,Delaware
USA,702,Nevada
USA,725,Nevada
USA,775,Nevada
USA,239,Florida
USA,305,Florida
USA,321,Florida
USA,352,Florida
USA,386,Florida
USA,407,Florida
USA,561,Florida
USA,727,Florida
USA,754,Florida
USA,772,Florida
USA,786,Florida
USA,813,Florida
USA,850,Florida
USA,863,Florida
USA,904,Florida
USA,941,Florida
USA,954,Florida
USA,212,New York
USA,315,New York
USA,347,New York
USA,516,New York
USA,518,New York
USA,585,New York
USA,607,New York
USA,631,New York
USA,646,New York
USA,716,New York
USA,718,New York
USA,845,New York
USA,914,New York
USA,917,New York
USA,929,New York
USA,229,Georgia
USA,404,Georgia
USA,470,Georgia
USA,478,Georgia
USA,678,Georgia
USA,706,Georgia
USA,762,Georgia
USA,770,Georgia
USA,912,Georgia
USA,216,Ohio
USA,220,Ohio
USA,234,Ohio
USA,330,Ohio
USA,419,Ohio
USA,440,Ohio
USA,513,Ohio
USA,567,Ohio
USA,614,Ohio
USA,740,Ohio
USA,937,Ohio
USA,808,Hawaii
USA,405,Oklahoma
USA,539,Oklahoma
USA,580,Oklahoma
USA,918,Oklahoma
USA,208,Idaho
USA,458,Oregon
USA,503,Oregon
USA,541,Oregon
USA,971,Oregon
USA,217,Illinois
USA,224,Illinois
USA,309,Illinois
USA,312,Illinois
USA,331,Illinois
USA,618,Illinois
USA,630,Illinois
USA,708,Illinois
USA,773,Illinois
USA,815,Illinois
USA,847,Illinois
USA,872,Illinois
USA,215,Pennsylvania
USA,267,Pennsylvania
USA,272,Pennsylvania
USA,412,Pennsylvania
USA,484,Pennsylvania
USA,570,Pennsylvania
USA,610,Pennsylvania
USA,717,Pennsylvania
USA,724,Pennsylvania
USA,814,Pennsylvania
USA,878,Pennsylvania
USA,219,Indiana
USA,260,Indiana
USA,317,Indiana
USA,574,Indiana
USA,765,Indiana
USA,812,Indiana
USA,930,Indiana
USA,401,Rhode Island
USA,319,Iowa
USA,515,Iowa
USA,563,Iowa
USA,641,Iowa
USA,712,Iowa
USA,803,South Carolina
USA,843,South Carolina
USA,864,South Carolina
USA,316,Kansas
USA,620,Kansas
USA,785,Kansas
USA,913,Kansas
USA,605,South Dakota
USA,270,Kentucky
USA,364,Kentucky
USA,502,Kentucky
USA,606,Kentucky
USA,859,Kentucky
USA,423,Tennessee
USA,615,Tennessee
USA,629,Tennessee
USA,731,Tennessee
USA,865,Tennessee
USA,901,Tennessee
USA,931,Tennessee
USA,225,Louisiana
USA,318,Louisiana
USA,337,Louisiana
USA,504,Louisiana
USA,985,Louisiana
USA,210,Texas
USA,214,Texas
USA,254,Texas
USA,281,Texas
USA,325,Texas
USA,346,Texas
USA,361,Texas
USA,409,Texas
USA,430,Texas
USA,432,Texas
USA,469,Texas
USA,512,Texas
USA,682,Texas
USA,713,Texas
USA,806,Texas
USA,817,Texas
USA,830,Texas
USA,832,Texas
USA,903,Texas
USA,915,Texas
USA,936,Texas
USA,940,Texas
USA,956,Texas
USA,972,Texas
USA,979,Texas
USA,339,Massachusetts
USA,351,Massachusetts
USA,413,Massachusetts
USA,508,Massachusetts
USA,617,Massachusetts
USA,774,Massachusetts
USA,781,Massachusetts
USA,857,Massachusetts
USA,978,Massachusetts
USA,385,Utah
USA,435,Utah
USA,801,Utah
USA,240,Maryland
USA,301,Maryland
USA,410,Maryland
USA,443,Maryland
USA,667,Maryland
USA,276,Virginia
USA,434,Virginia
USA,540,Virginia
USA,571,Virginia
USA,703,Virginia
USA,757,Virginia
USA,804,Virginia
USA,207,Maine
USA,802,Vermont
USA,231,Michigan
USA,248,Michigan
USA,269,Michigan
USA,313,Michigan
USA,517,Michigan
USA,586,Michigan
USA,616,Michigan
USA,734,Michigan
USA,810,Michigan
USA,906,Michigan
USA,947,Michigan
USA,989,Michigan
USA,206,Washington
USA,253,Washington
USA,360,Washington
USA,425,Washington
USA,509,Washington
USA,218,Minnesota
USA,320,Minnesota
USA,507,Minnesota
USA,612,Minnesota
USA,651,Minnesota
USA,763,Minnesota
USA,952,Minnesota
USA,202,Washington D.C.
USA,314,Missouri
USA,417,Missouri
USA,573,Missouri
USA,636,Missouri
USA,660,Missouri
USA,816,Missouri
USA,262,Wisconsin
USA,414,Wisconsin
USA,534,Wisconsin
USA,608,Wisconsin
USA,715,Wisconsin
USA,920,Wisconsin
USA,228,Mississippi
USA,601,Mississippi
USA,662,Mississippi
USA,769,Mississippi
USA,304,West Virginia
USA,307,Wyoming
